<?xml version="1.0" encoding="UTF-8"?>
<!DOCTYPE mapper PUBLIC "-//mybatis.org/DTD Mapper 3.0/EN"
"http://mybatis.org/dtd/mybatis-3-mapper.dtd">
<mapper namespace="talent.model.TalentMapper">

	<!-- 상위분류 목록 가져오기 -->
	<select id="selectUpCategory" resultType="Category">
		select upcode, upname from upCate
	</select>
	
	<!-- 하위분류 목록 가져오기 -->
	<select id="selectDwCategory" parameterType="int"	resultType="Category">
		select * from dwCate where upcode=#{upcode} order by dwcode
	</select>

	<!-- 분류에 해당하는 재능목록 가져오기 -->
	<select id="selectByCategory" parameterType="map" resultType="Talent">
		<!-- select * from talent where downcode=#{dwcode} -->
		select * from talent where upcode=1 and dwcode=1
	</select>

	<!-- 재능번호에 해당하는 재능정보 가져오기 -->
	<select id="selectByTnum" parameterType="int" resultType="Talent">
		select * from talent where tnum=#{tnum}
	</select>
</mapper>