<?xml version="1.0" encoding="UTF-8"?>
<!DOCTYPE configuration PUBLIC "-//mybatis.org/DTD Config 3.0//EN" 
"http://mybatis.org/dtd/mybatis-3-config.dtd">

<configuration>
	<!-- 타입 별칭 ========================================================== -->
	<typeAliases>
		<!-- 아래와 같이 객체에 대한 별칭을 줄 수 있다. -->
		<!-- memo.model.MemoVO 객체에 대한 별칭을 Memo로 준다. -->
		<typeAlias type="member.model.MemberVO" alias="Member"/>
		<typeAlias type="help.model.HelpVO" alias="Help"/>
		<typeAlias type="help.model.PagingVO" alias="Paging"/>
	</typeAliases>
	
	<!-- ================================================================ -->
	<!-- 매퍼 정의 ========================================================= -->
	<!-- SQL 문이 등록된 매퍼 파일을 등록한다. -->
	<mappers>
		<!-- 아래와 같은 형식으로 매퍼를 등록하면 된다. -->
		<mapper resource="spring/mapper/MemberMapper.xml"/>
		<mapper resource="spring/mapper/HelpMapper.xml"/>
	</mappers>
	<!-- ================================================================ -->
</configuration>
