<?xml version="1.0" encoding="UTF-8"?>
<!DOCTYPE mapper
    PUBLIC "-//mybatis.org//DTD Mapper 3.0//EN"
    "http://mybatis.org/dtd/mybatis-3-mapper.dtd">
<mapper namespace="help.model.HelpMapper">
	<!-- 도와주세요 글쓰기 -->
	<insert id="insertHelp" parameterType="help.model.HelpVO">
		insert into help(helpidx,
		title,contents,writer,hprice,edate,midx,upcode,dwcode)
		values(help_idx_seq.nextval,
		#{title:VARCHAR},#{contents:VARCHAR},#{writer:VARCHAR},#{hprice:NUMERIC},#{edate},#{midx},#{upcode},#{dwcode})
	</insert>

	<!-- 글 목록 가져오는것 -->
	<select id="listHelpPaging" parameterType="Paging" resultType="Help">
		select * from(
		select row_number() over(order by helpidx desc)
		rn,help.*,
		(sysdate- to_date(to_char(edate,'yyyy-mm-dd'))) as newImg
		from help
		) where rn between #{start} and #{end}
	</select>

	<!-- 글번호로 글 내용 보기 -->
	<select id="selectHelpByhidx" parameterType="int" resultType="Help">
		select * from help where helpidx=#{helpidx} order by helpidx desc
	</select>

	<!-- 상위분류 정보(코드, 이름) 및 해당 상위분류의 하위분류 정보 가져오기 -->
	<select id="infoByCate" parameterType="int" resultType="Category">
		select
		u.upcode, u.upname, d.dwcode, d.dwname
		from upCate u join dwCate d on
		u.upcode=d.upcode and d.dwcode=${value}
	</select>

	<select id="infoByCategory" resultType="Category">
		select u.*, d.dwcode,
		d.dwname
		from upCate u join dwCate d on
		u.upcode=d.upcode
		join help h on
		h.dwcode=d.dwcode order by helpidx
		desc
	</select>

	<select id="DetailCate" parameterType="int" resultType="Category">
		select u.*, d.dwcode,
		d.dwname
		from upCate u join dwCate d on u.upcode=d.upcode
		join help h on h.dwcode=d.dwcode where helpidx=#{helpidx} order by helpidx desc
	</select>

	<!-- 게시글 수 가져오는것 -->
	<select id="totalCount_find" resultType="int" parameterType="Help">
		select count(*) from help where 1=1
		<if test="findType != null and findString != null">
			<choose>
				<when test="findType ==1">
					and title like '%'||#{findString}||'%'
				</when>
				<when test="findType ==2">
					and writer like '%'||#{findString}||'% </when>
				<when test="findType ==3">
					and contents like '%'||#{findString}||'%'
				</when>
			</choose>
		</if>
	</select>

	<select id="totalCount" resultType="int">
		select count(*) from help
	</select>

	<delete id="deleteHelp" parameterType="int">
		delete from help where
		helpidx=#{helpidx}
	</delete>

	<update id="updateHelp" parameterType="Help">
		update help set
		upcode=#{upcode},dwcode=#{dwcode},title=#{title},contents=#{contents},
		hprice=#{hprice},edate=#{edate} where helpidx=#{helpidx}
	</update>

	<insert id="insertSuggest" parameterType="Suggest">
	insert into suggest(no,helpidx,email,name,contents,workdate,price,wdate) values(suggest_no_seq.nextval,#{helpidx:NUMERIC},#{email:VARCHAR},
	#{name:VARCHAR},#{contents:VARCHAR},#{workdate:VARCHAR},#{price:NUMERIC},sysdate)
	</insert>
	
	<select id="countSuggest" resultType="int"
	parameterType="int">
		select count(*) from suggest where helpidx=#{helpidx}
	</select>
	
	<select id="selectSuggestName" parameterType="int" resultType="Suggest">
		select * from suggest where helpidx=#{helpidx}
	</select>

</mapper>









