<?xml version="1.0" encoding="UTF-8"?>
<!DOCTYPE mapper
    PUBLIC "-//mybatis.org//DTD Mapper 3.0//EN"
    "http://mybatis.org/dtd/mybatis-3-mapper.dtd">
<mapper namespace="help.model.HelpMapper">
	<!-- 도와주세요 글쓰기 -->
	<insert id="insertHelp" parameterType="help.model.HelpVO">
		insert into help
		values(help_idx_seq.nextval,
		#{htype},#{title},#{contents},#{writer},#{hprice:NUMERIC},#{edate},#{midx})
	</insert>
	
	<!-- 글 목록 가져오는것 -->
	<select id="listHelpPaging" parameterType="Paging" resultType="Help">
		select * from(
		select row_number() over(order by helpidx desc) rn,help.*,
		(sysdate- to_date(to_char(edate,'yyyy-mm-dd'))) as newImg
		from help
		) where rn between #{start} and #{end}
	</select>

	<!-- 글번호로 글 내용 보기 -->
	<select id="selectHelpByhidx" parameterType="int" resultType="Help">
		select * from help where helpidx=#{helpidx}
	</select>
	
		 <!-- 게시글 수 가져오는것 -->
	 <select id="totalCount_find" resultType="int" parameterType="Help">
		select count(*) from help where 1=1
		<if test="findType != null and findString != null">
			<choose>
				<when test="findType ==1">
					and title like '%'||#{findString}||'%'
				</when>
				<when test="findType ==2">
					and writer like '%'||#{findString}||'% </when>
				<when test="findType ==3">
					and contents like '%'||#{findString}||'%'
				</when>
			</choose>
		</if>
	</select>
	
	<select id="totalCount" resultType="int">
		select count(*)	from help
	</select>
	
	<delete id="deleteHelp" parameterType="int">
		delete from help where helpidx=#{helpidx}
	</delete>

</mapper>









