<?xml version="1.0" encoding="UTF-8"?>
<!DOCTYPE mapper PUBLIC "-//mybatis.org/DTD Mapper 3.0/EN"
"http://mybatis.org/dtd/mybatis-3-mapper.dtd">
<mapper namespace="member.model.MemberMapper">
	<!-- 회원가입 -->
	
	<insert id="insertMember" parameterType="Member">
	INSERT INTO member(midx,email,pwd,mname,tel) VALUES(kiwi_member_seq.nextval,
	#{email:VARCHAR},#{pwd:VARCHAR},#{mname:VARCHAR},#{tel:VARCHAR})
	</insert>

	<select id="emailCheck" parameterType="string" resultType="int">
		select midx from member where email=#{email}
	</select>	
	
	<select id="findMemberByEmail" parameterType="string"
	resultType="Member">
		select * from member where email=#{email1}
	</select> 

	<select id="selectByMidx" parameterType="int" resultType="Member">
		select * from member where midx=#{midx}
	</select>

</mapper>